{
  "placeholderImages": [
    {
      "id": "company-innovate",
      "description": "Innovate Inc. logo",
      "imageUrl": "https://images.unsplash.com/photo-1726409724841-016b6f4f8b1b?crop=entropy&cs=tinysrgb&fit=max&fm=jpg&ixid=M3w3NDE5ODJ8MHwxfHNlYXJjaHw3fHxhYnN0cmFjdCUyMGxvZ298ZW58MHx8fHwxNzU5NTUwMTkzfDA&ixlib=rb-4.1.0&q=80&w=1080",
      "imageHint": "abstract logo"
    },
    {
      "id": "company-futuretech",
      "description": "FutureTech logo",
      "imageUrl": "https://images.unsplash.com/photo-1661347998648-79ad2d81bf26?crop=entropy&cs=tinysrgb&fit=max&fm=jpg&ixid=M3w3NDE5ODJ8MHwxfHNlYXJjaHw2fHx0ZWNoJTIwbG9nb3xlbnwwfHx8fDE3NTk1Mzc5NDF8MA&ixlib=rb-4.1.0&q=80&w=1080",
      "imageHint": "tech logo"
    },
    {
      "id": "company-datadriven",
      "description": "DataDriven Co. logo",
      "imageUrl": "https://images.unsplash.com/photo-1729830374700-815ba13f5203?crop=entropy&cs=tinysrgb&fit=max&fm=jpg&ixid=M3w3NDE5ODJ8MHwxfHNlYXJjaHw0fHxnZW9tZXRyaWMlMjBsb2dvfGVufDB8fHx8MTc1OTU3MzIxNnww&ixlib=rb-4.1.0&q=80&w=1080",
      "imageHint": "geometric logo"
    },
    {
      "id": "company-creative",
      "description": "Creative Solutions logo",
      "imageUrl": "https://images.unsplash.com/photo-1641204009734-b48bbb86fe4c?crop=entropy&cs=tinysrgb&fit=max&fm=jpg&ixid=M3w3NDE5ODJ8MHwxfHNlYXJjaHw5fHxjb2xvcmZ1bCUyMGxvZ298ZW58MHx8fHwxNzU5NTc1MTM0fDA&ixlib=rb-4.1.0&q=80&w=1080",
      "imageHint": "colorful logo"
    },
    {
      "id": "company-scalefast",
      "description": "ScaleFast logo",
      "imageUrl": "https://images.unsplash.com/photo-1628841220670-fbb07371c8e9?crop=entropy&cs=tinysrgb&fit=max&fm=jpg&ixid=M3w3NDE5ODJ8MHwxfHNlYXJjaHw5fHxtaW5pbWFsaXN0JTIwbG9nb3xlbnwwfHx8fDE3NTk2MTE5MzB8MA&ixlib=rb-4.1.0&q=80&w=1080",
      "imageHint": "minimalist logo"
    }
  ]
}